{
  "popularity": {
    "P@5": 0.043,
    "R@5": 0.020066,
    "NDCG@5": 0.125302,
    "HR@5": 0.19,
    "P@10": 0.0425,
    "R@10": 0.039708,
    "NDCG@10": 0.169896,
    "HR@10": 0.335
  },
  "content": {
    "P@5": 0.022,
    "R@5": 0.01024,
    "NDCG@5": 0.069594,
    "HR@5": 0.11,
    "P@10": 0.0355,
    "R@10": 0.033516,
    "NDCG@10": 0.134048,
    "HR@10": 0.31
  },
  "hybrid": {
    "P@5": 0.098,
    "R@5": 0.045601,
    "NDCG@5": 0.248837,
    "HR@5": 0.375,
    "P@10": 0.0805,
    "R@10": 0.075057,
    "NDCG@10": 0.291695,
    "HR@10": 0.515
  },
  "collaborative": {
    "P@5": 0.112,
    "R@5": 0.05239,
    "NDCG@5": 0.295404,
    "HR@5": 0.475,
    "P@10": 0.086,
    "R@10": 0.080359,
    "NDCG@10": 0.338333,
    "HR@10": 0.615
  }
}